{"cameraMode":{"drawMode":0,"name":"Shaded","section":"Shading Mode"},"sceneLighting":true,"audioPlay":false,"sceneViewState":{"m_AlwaysRefresh":false,"showFog":true,"showSkybox":true,"showFlares":true,"showImageEffects":true,"showParticleSystems":true,"showVisualEffectGraphs":true,"m_FxEnabled":true},"in2DMode":false,"pivot":{"x":-0.952528715133667,"y":-0.037199974060058597,"z":7.167718887329102},"rotation":{"x":0.19259406626224519,"y":-0.00736311636865139,"z":0.0014466404682025314,"w":0.9812569618225098},"size":8.12100887298584,"orthographic":false}